,Province_State,Population,05-25-2020,05-26-2020,05-27-2020,05-28-2020,05-29-2020,05-30-2020,05-31-2020,06-01-2020,06-02-2020,06-03-2020,06-04-2020,06-05-2020,06-06-2020,06-07-2020,06-08-2020,06-09-2020,06-10-2020,06-11-2020,06-12-2020,06-13-2020,06-14-2020,06-15-2020,06-16-2020,06-17-2020,06-18-2020,06-19-2020,06-20-2020,06-21-2020,06-22-2020,06-23-2020,06-24-2020,06-25-2020,06-26-2020,06-27-2020,06-28-2020,06-29-2020,06-30-2020,07-01-2020,07-02-2020,07-03-2020,07-04-2020,07-05-2020,07-06-2020,07-07-2020,07-08-2020,07-09-2020,07-10-2020,07-11-2020,07-12-2020,07-13-2020,07-14-2020,07-15-2020,07-16-2020,07-17-2020,07-18-2020,07-19-2020,07-20-2020,07-21-2020,07-22-2020,07-23-2020,07-24-2020,07-25-2020,Incidence_Rate,Admin2,Combined_Key,Risk,FIPS,DOD_Rank,State_Code
0,Alabama,4903185.0,4661.0,5043.0,5201.0,5311.0,5531.0,5552.0,6039.0,6005.0,5951.0,5373.0,5356.0,5272.0,5456.0,5551.0,5456.0,5276.0,5438.0,5785.0,6148.0,6712.0,7145.0,7521.0,7922.0,8227.0,8880.0,9370.0,9274.0,9291.0,9324.0,9470.0,9858.0,10149.0,10261.0,10254.0,9599.0,10654.0,10865.0,11365.0,11648.0,12608.0,13077.0,13697.0,14191.0,14440.0,14647.0,15673.0,15985.0,16501.0,17749.0,17895.0,18695.0,19547.0,20315.0,20500.0,21552.0,22145.0,23063.0,23551.0,23696.0,23793.0,24155.0,24693.0,503.6114280819508,All,"All, Alabama",MEDIUM,NaN,green,AL
1,Alaska,731545.0,29.0,31.0,32.0,45.0,42.0,46.0,72.0,79.0,87.0,103.0,111.0,120.0,128.0,136.0,154.0,161.0,180.0,184.0,193.0,218.0,199.0,195.0,187.0,189.0,193.0,195.0,204.0,207.0,194.0,187.0,196.0,203.0,207.0,200.0,218.0,236.0,260.0,278.0,305.0,338.0,363.0,379.0,401.0,419.0,430.0,452.0,487.0,531.0,596.0,635.0,639.0,653.0,676.0,671.0,686.0,738.0,785.0,859.0,905.0,921.0,924.0,951.0,129.99883807557978,All,"All, Alaska",LOW,NaN,green,AK
2,Arizona,7278717.0,4928.0,4881.0,4864.0,4969.0,5071.0,5369.0,5766.0,5692.0,6452.0,7216.0,7304.0,8575.0,9156.0,10362.0,10857.0,11166.0,12267.0,13114.0,14295.0,15116.0,15485.0,16429.0,17634.0,18313.0,20273.0,22164.0,24372.0,25303.0,26622.0,29761.0,29971.0,31653.0,33239.0,35070.0,37809.0,37305.0,39625.0,42692.0,43518.0,44484.0,43968.0,45035.0,46377.0,46185.0,47928.0,48847.0,49687.0,49237.0,47905.0,48631.0,48177.0,46539.0,46441.0,45867.0,45785.0,44585.0,42773.0,42597.0,40983.0,39247.0,38339.0,38975.0,535.4652475154619,All,"All, Arizona",MEDIUM,NaN,green,AZ
3,Arkansas,3017804.0,1935.0,1955.0,1977.0,2081.0,2226.0,2335.0,2403.0,2538.0,2788.0,2913.0,2845.0,2900.0,3171.0,3352.0,3532.0,3738.0,3949.0,4131.0,4621.0,4913.0,5050.0,5270.0,5128.0,5344.0,5243.0,5629.0,5675.0,5757.0,5987.0,6135.0,6481.0,6544.0,6721.0,6721.0,6860.0,6870.0,7179.0,7196.0,7774.0,7674.0,7678.0,7855.0,7724.0,7539.0,7592.0,7921.0,7732.0,8179.0,8131.0,8234.0,8574.0,8699.0,8694.0,8752.0,9017.0,9048.0,9313.0,9777.0,9604.0,9778.0,9933.0,9704.0,321.55832519275606,All,"All, Arkansas",LOW,NaN,green,AR
4,California,39512223.0,26083.0,27471.0,27316.0,28001.0,28988.0,30234.0,30853.0,32338.0,32561.0,32474.0,33276.0,34623.0,35185.0,35717.0,36528.0,36328.0,37706.0,38623.0,39136.0,39191.0,39440.0,40096.0,40851.0,42553.0,44007.0,44227.0,45733.0,47048.0,50040.0,53955.0,55339.0,56863.0,59295.0,59743.0,62163.0,67051.0,71389.0,74985.0,78554.0,78763.0,76842.0,85277.0,85395.0,91588.0,95642.0,100319.0,102954.0,107049.0,108128.0,108605.0,113811.0,114998.0,116932.0,121457.0,126482.0,120883.0,125506.0,123978.0,127397.0,126947.0,127918.0,126310.0,319.6732312428992,All,"All, California",LOW,NaN,green,CA
5,Colorado,5758736.0,4180.0,4150.0,4038.0,4014.0,4150.0,4288.0,4292.0,4210.0,4143.0,4122.0,4047.0,4007.0,3796.0,3745.0,3703.0,3580.0,3550.0,3364.0,3063.0,2764.0,2598.0,2574.0,2510.0,2473.0,2414.0,2452.0,2379.0,2417.0,2416.0,2438.0,2560.0,2744.0,2882.0,2927.0,3097.0,3134.0,3198.0,3290.0,3386.0,3365.0,3464.0,3472.0,3513.0,3741.0,3925.0,4009.0,4344.0,4518.0,4558.0,4678.0,4922.0,5078.0,5329.0,5681.0,5870.0,6025.0,6241.0,6327.0,6514.0,6708.0,6723.0,7129.0,123.79452713234292,All,"All, Colorado",LOW,NaN,green,CO
6,Connecticut,3565287.0,6420.0,6246.0,5773.0,5502.0,5103.0,4772.0,4221.0,4098.0,4014.0,3566.0,3558.0,3360.0,3374.0,3064.0,2829.0,2518.0,2667.0,2507.0,2573.0,2628.0,2594.0,2156.0,2043.0,2011.0,1953.0,1869.0,1680.0,1593.0,1513.0,1564.0,1441.0,1414.0,1259.0,1134.0,1119.0,1148.0,1205.0,1210.0,1197.0,1123.0,981.0,947.0,1162.0,1108.0,1171.0,1198.0,1209.0,1066.0,973.0,1060.0,927.0,975.0,1026.0,1100.0,1100.0,1100.0,1004.0,986.0,1050.0,954.0,1432.0,1432.0,40.165069460046276,All,"All, Connecticut",LOW,NaN,green,CT
7,Delaware,973764.0,2279.0,2204.0,2028.0,1854.0,1769.0,1793.0,1752.0,1660.0,1575.0,1447.0,1284.0,1181.0,1288.0,1102.0,984.0,925.0,931.0,906.0,914.0,786.0,747.0,721.0,704.0,720.0,746.0,825.0,785.0,791.0,805.0,728.0,736.0,773.0,744.0,763.0,861.0,930.0,964.0,955.0,1114.0,1181.0,1183.0,1215.0,1322.0,1476.0,1481.0,1469.0,1553.0,1571.0,1503.0,1432.0,1419.0,1462.0,1313.0,1349.0,1362.0,1325.0,1267.0,1270.0,1267.0,1320.0,1410.0,1295.0,132.98910208222938,All,"All, Delaware",LOW,NaN,green,DE
8,District of Columbia,705749.0,1724.0,1745.0,1727.0,1661.0,1575.0,1588.0,1595.0,1511.0,1382.0,1399.0,1269.0,1245.0,1247.0,1165.0,1113.0,1085.0,1077.0,1048.0,1070.0,943.0,917.0,895.0,882.0,781.0,731.0,702.0,667.0,644.0,625.0,578.0,549.0,529.0,491.0,470.0,446.0,457.0,478.0,488.0,460.0,458.0,437.0,436.0,431.0,451.0,491.0,495.0,536.0,565.0,581.0,597.0,602.0,643.0,666.0,658.0,726.0,760.0,806.0,839.0,871.0,879.0,893.0,903.0,127.94917173102617,All,"All, District of Columbia",LOW,NaN,green,dc
9,Florida,21477737.0,10212.0,9824.0,9743.0,9576.0,9858.0,10125.0,10092.0,9920.0,10017.0,10814.0,11041.0,11556.0,12163.0,12596.0,12690.0,13231.0,14246.0,15290.0,15993.0,17632.0,18907.0,20005.0,22189.0,23487.0,25269.0,27798.0,30563.0,32871.0,34826.0,36997.0,41129.0,44436.0,51466.0,58491.0,64978.0,68465.0,71765.0,75684.0,82562.0,88192.0,95613.0,102142.0,105514.0,109583.0,114040.0,117886.0,120318.0,121019.0,127759.0,135084.0,138108.0,141677.0,145409.0,147330.0,146124.0,148523.0,152479.0,154495.0,154211.0,155470.0,156434.0,158237.0,736.7489414736758,All,"All, Florida",HIGH,NaN,red,FL
10,Georgia,10617423.0,7184.0,7677.0,8353.0,8571.0,8892.0,8866.0,8977.0,9396.0,9006.0,9224.0,9468.0,9639.0,9739.0,9289.0,9199.0,8822.0,8581.0,8878.0,8882.0,9324.0,9461.0,9324.0,9920.0,10256.0,10115.0,10547.0,10563.0,11127.0,11826.0,13254.0,14389.0,14779.0,15551.0,16267.0,16902.0,16964.0,19483.0,20893.0,22583.0,24643.0,27246.0,28363.0,28644.0,29226.0,30125.0,30851.0,33978.0,35403.0,36289.0,39102.0,38189.0,39038.0,39583.0,39623.0,40157.0,40645.0,40915.0,41327.0,41437.0,43764.0,42953.0,43647.0,411.08845338459247,All,"All, Georgia",LOW,NaN,green,GA
11,Hawaii,1415872.0,12.0,11.0,9.0,12.0,13.0,14.0,14.0,14.0,14.0,12.0,11.0,21.0,28.0,30.0,31.0,37.0,41.0,45.0,57.0,70.0,74.0,82.0,81.0,89.0,106.0,124.0,116.0,139.0,140.0,137.0,148.0,157.0,156.0,144.0,166.0,159.0,175.0,176.0,178.0,178.0,202.0,201.0,206.0,244.0,253.0,273.0,287.0,324.0,317.0,335.0,340.0,359.0,355.0,352.0,344.0,347.0,355.0,339.0,332.0,350.0,381.0,410.0,28.957419879763144,All,"All, Hawaii",LOW,NaN,green,HI
12,Idaho,1787065.0,357.0,323.0,393.0,408.0,408.0,375.0,411.0,376.0,469.0,421.0,478.0,512.0,540.0,509.0,559.0,589.0,558.0,488.0,579.0,545.0,555.0,555.0,524.0,694.0,747.0,754.0,859.0,859.0,1059.0,1029.0,1137.0,1599.0,1508.0,1964.0,1918.0,2349.0,2650.0,2733.0,2846.0,3117.0,3361.0,3724.0,3792.0,4279.0,4558.0,4554.0,5053.0,5173.0,5570.0,5640.0,5592.0,6061.0,6520.0,6736.0,6908.0,7116.0,7189.0,7253.0,7317.0,7271.0,7294.0,6718.0,375.9236513501188,All,"All, Idaho",LOW,NaN,green,ID
13,Illinois,12671821.0,31465.0,28705.0,28139.0,26459.0,25765.0,25195.0,24806.0,23523.0,23569.0,22253.0,20917.0,19403.0,18053.0,16459.0,15452.0,15029.0,14668.0,13939.0,12845.0,12029.0,11400.0,10920.0,10022.0,9621.0,9376.0,8922.0,8591.0,8404.0,8189.0,8066.0,8149.0,8332.0,8633.0,8764.0,8746.0,8989.0,9137.0,9413.0,8822.0,9862.0,10127.0,10121.0,10287.0,10269.0,10562.0,10700.0,11166.0,11575.0,11870.0,12036.0,12030.0,12415.0,13667.0,13341.0,13745.0,14082.0,14636.0,15006.0,15644.0,16249.0,16463.0,16699.0,131.7805862314501,All,"All, Illinois",LOW,NaN,green,IL
14,Indiana,6732219.0,6669.0,6547.0,6577.0,6616.0,6506.0,6571.0,6436.0,6220.0,6188.0,6124.0,5880.0,5890.0,5810.0,5736.0,5613.0,5651.0,5606.0,5391.0,5320.0,5059.0,5062.0,5325.0,5306.0,5044.0,5090.0,4919.0,4828.0,4797.0,4782.0,4619.0,4592.0,4713.0,4807.0,4839.0,4834.0,4617.0,4625.0,4774.0,4786.0,5012.0,5227.0,5435.0,5556.0,5608.0,5770.0,5768.0,6008.0,6365.0,6542.0,6672.0,6957.0,7282.0,7560.0,7776.0,8089.0,8434.0,8748.0,9162.0,9483.0,9890.0,10166.0,10306.0,153.08474070733587,All,"All, Indiana",LOW,NaN,green,IN
15,Iowa,3155070.0,4998.0,4607.0,4887.0,4732.0,4729.0,4740.0,4724.0,4552.0,4531.0,4507.0,4479.0,4499.0,4420.0,4311.0,4291.0,4385.0,4128.0,4248.0,4270.0,4355.0,4253.0,4277.0,4058.0,4056.0,3955.0,4029.0,3940.0,4169.0,4066.0,4168.0,3917.0,4345.0,4307.0,4303.0,4539.0,4710.0,4846.0,5013.0,5359.0,5151.0,5514.0,5508.0,5566.0,5630.0,5962.0,5823.0,6397.0,6510.0,6815.0,6713.0,6723.0,6927.0,6993.0,7349.0,7171.0,7211.0,7507.0,7494.0,7513.0,7484.0,7203.0,7177.0,227.4751431822432,All,"All, Iowa",LOW,NaN,green,IA
16,Kansas,2913314.0,1941.0,1935.0,1748.0,1641.0,1755.0,1732.0,1728.0,1602.0,1591.0,1565.0,1523.0,1374.0,1391.0,1380.0,1396.0,1389.0,1436.0,1427.0,1287.0,1304.0,1375.0,1380.0,1432.0,1539.0,1570.0,1700.0,1719.0,1712.0,1867.0,1910.0,2163.0,2268.0,2468.0,2575.0,2723.0,2864.0,2933.0,3157.0,3221.0,3610.0,3788.0,3919.0,4183.0,4294.0,4373.0,4647.0,4815.0,5045.0,5108.0,5413.0,5493.0,5496.0,5794.0,5705.0,5757.0,5890.0,5993.0,6044.0,6119.0,6144.0,6216.0,6290.0,215.90532294150236,All,"All, Kansas",LOW,NaN,green,KS
17,Kentucky,4467673.0,1820.0,2029.0,2149.0,1887.0,1946.0,1950.0,1950.0,2048.0,2068.0,2195.0,2368.0,2497.0,2661.0,2661.0,2848.0,2699.0,2749.0,2702.0,2647.0,2680.0,2680.0,2548.0,2403.0,2515.0,2427.0,2415.0,2281.0,2399.0,2301.0,2371.0,2420.0,2615.0,2646.0,2678.0,2739.0,2656.0,2928.0,2807.0,2837.0,2878.0,2706.0,2588.0,3270.0,3329.0,3499.0,3571.0,3742.0,3885.0,4083.0,4228.0,4520.0,4763.0,4938.0,5160.0,5724.0,6698.0,6181.0,6465.0,6553.0,6830.0,7189.0,7569.0,169.41705447108595,All,"All, Kentucky",LOW,NaN,green,KY
18,Louisiana,4648794.0,5635.0,5674.0,5512.0,5009.0,4666.0,5180.0,5211.0,5370.0,5429.0,5530.0,4786.0,4814.0,5256.0,5518.0,5123.0,5199.0,5166.0,5302.0,5816.0,6287.0,6279.0,6380.0,6446.0,6937.0,6524.0,6448.0,6835.0,6916.0,7140.0,8010.0,8475.0,8970.0,9809.0,8598.0,9720.0,10050.0,10605.0,11845.0,13197.0,14572.0,13727.0,15261.0,15904.0,16448.0,17490.0,18393.0,19681.0,21823.0,21671.0,22526.0,23725.0,23733.0,24624.0,25075.0,25075.0,26230.0,28291.0,28060.0,28867.0,29320.0,28759.0,26617.0,572.5570976042388,All,"All, Louisiana",MEDIUM,NaN,green,LA
19,Maine,1344212.0,605.0,624.0,610.0,606.0,607.0,615.0,625.0,618.0,617.0,577.0,548.0,512.0,492.0,495.0,493.0,476.0,484.0,467.0,484.0,472.0,461.0,450.0,435.0,416.0,427.0,430.0,408.0,385.0,380.0,388.0,377.0,400.0,376.0,392.0,391.0,402.0,431.0,454.0,443.0,453.0,453.0,449.0,445.0,433.0,436.0,407.0,392.0,355.0,333.0,332.0,304.0,274.0,263.0,255.0,237.0,241.0,258.0,257.0,253.0,248.0,256.0,272.0,20.23490342297197,All,"All, Maine",LOW,NaN,green,ME
20,Maryland,6045680.0,13111.0,12998.0,13003.0,13218.0,13411.0,13461.0,13403.0,12996.0,12080.0,12120.0,11793.0,11827.0,11468.0,11151.0,10765.0,10721.0,10566.0,10020.0,9176.0,8857.0,8498.0,8292.0,7839.0,7610.0,7009.0,6434.0,6151.0,6016.0,5879.0,5807.0,5591.0,5309.0,5246.0,4898.0,4841.0,4990.0,4926.0,4734.0,4998.0,5218.0,5199.0,5147.0,5125.0,5217.0,5352.0,5503.0,5628.0,5859.0,6171.0,6115.0,6547.0,6950.0,7093.0,7271.0,7722.0,8355.0,8639.0,9002.0,9174.0,9256.0,9732.0,10461.0,173.03264479760753,All,"All, Maryland",LOW,NaN,green,MD
21,Massachusetts,6892503.0,13472.0,13001.0,12443.0,11537.0,10961.0,10279.0,9927.0,12548.0,12053.0,11516.0,10911.0,10631.0,10496.0,9821.0,9408.0,9248.0,9030.0,8922.0,8706.0,8303.0,7836.0,4351.0,4148.0,3972.0,3790.0,3547.0,3265.0,3072.0,3070.0,3074.0,2972.0,2712.0,2541.0,2590.0,2638.0,2641.0,2618.0,2420.0,2563.0,2619.0,2550.0,2583.0,2596.0,2557.0,2662.0,2724.0,2730.0,2657.0,2635.0,2797.0,2933.0,3118.0,2949.0,2959.0,3106.0,3273.0,3374.0,3418.0,3456.0,3493.0,3622.0,3633.0,52.70944386966534,All,"All, Massachusetts",LOW,NaN,green,MA
22,Michigan,9986857.0,5468.0,5330.0,5191.0,4453.0,4480.0,4200.0,4291.0,4139.0,3945.0,3718.0,3549.0,8367.0,8394.0,8510.0,8590.0,8413.0,8406.0,8307.0,8116.0,8145.0,7914.0,7914.0,7953.0,7892.0,7988.0,3208.0,3201.0,2961.0,2938.0,3037.0,3182.0,3389.0,3501.0,3679.0,3708.0,3870.0,4174.0,4374.0,4698.0,4881.0,4856.0,5037.0,5105.0,5459.0,5760.0,5941.0,6222.0,6500.0,6693.0,6822.0,7023.0,7666.0,7978.0,8271.0,8592.0,8754.0,8960.0,9037.0,9103.0,9220.0,9240.0,9141.0,91.5302982710176,All,"All, Michigan",LOW,NaN,green,MI
23,Minnesota,5639632.0,9232.0,9199.0,9213.0,9135.0,8936.0,8837.0,8804.0,8457.0,8107.0,7849.0,7726.0,7593.0,7258.0,6928.0,6529.0,6174.0,6082.0,6102.0,5993.0,5758.0,5402.0,5269.0,5165.0,5204.0,5191.0,4878.0,4793.0,4846.0,4825.0,4783.0,4737.0,4656.0,4670.0,4704.0,4927.0,5015.0,5269.0,5280.0,5400.0,5470.0,5056.0,5131.0,5255.0,5572.0,5731.0,5951.0,6062.0,6450.0,6649.0,6836.0,6789.0,6940.0,7060.0,7313.0,7761.0,7982.0,7786.0,8227.0,8270.0,8441.0,8594.0,8570.0,151.96026974809703,All,"All, Minnesota",LOW,NaN,green,MN
24,Mississippi,2976149.0,3584.0,3628.0,3749.0,3676.0,3775.0,3893.0,4014.0,4108.0,4124.0,4143.0,4124.0,3936.0,3839.0,3818.0,4108.0,4197.0,4241.0,3936.0,4129.0,3959.0,3842.0,3891.0,3963.0,4163.0,3937.0,3737.0,3475.0,3250.0,4420.0,4633.0,4798.0,5885.0,5834.0,6037.0,6228.0,6604.0,6937.0,7119.0,7977.0,8880.0,9864.0,10086.0,8792.0,9147.0,9287.0,8887.0,9363.0,9693.0,10185.0,9922.0,10096.0,10459.0,10811.0,10916.0,10933.0,11494.0,12388.0,13079.0,13948.0,14230.0,14715.0,15314.0,514.5575708743077,All,"All, Mississippi",MEDIUM,NaN,green,MS
25,Missouri,6137428.0,1894.0,1883.0,2005.0,1993.0,1912.0,1885.0,1876.0,2005.0,2060.0,2072.0,2116.0,2110.0,2345.0,2245.0,2035.0,2101.0,2003.0,2017.0,2254.0,2340.0,2267.0,2322.0,2387.0,2417.0,2495.0,2640.0,2647.0,2995.0,3027.0,3209.0,3173.0,3388.0,3576.0,3672.0,3759.0,3595.0,3553.0,3418.0,4501.0,4677.0,4718.0,4499.0,4734.0,5021.0,5569.0,5891.0,5938.0,6106.0,6235.0,6451.0,7162.0,7874.0,7298.0,7653.0,8119.0,8608.0,8751.0,9096.0,9597.0,10138.0,10950.0,11702.0,190.66618785589012,All,"All, Missouri",LOW,NaN,green,MO
26,Montana,1068778.0,20.0,17.0,18.0,22.0,26.0,36.0,46.0,48.0,51.0,46.0,59.0,60.0,59.0,64.0,67.0,74.0,79.0,77.0,81.0,82.0,84.0,88.0,89.0,102.0,113.0,123.0,156.0,170.0,183.0,186.0,200.0,237.0,252.0,260.0,259.0,307.0,350.0,384.0,426.0,459.0,466.0,492.0,513.0,582.0,607.0,663.0,758.0,818.0,888.0,914.0,973.0,1068.0,1135.0,1224.0,1290.0,1307.0,1355.0,1367.0,1422.0,1425.0,1427.0,1567.0,146.61604187211938,All,"All, Montana",LOW,NaN,green,MT
27,Nebraska,1934408.0,3703.0,3836.0,3818.0,3735.0,3768.0,3572.0,3644.0,3606.0,3650.0,3725.0,3643.0,3649.0,3514.0,3455.0,3348.0,3224.0,2998.0,3009.0,2830.0,2699.0,2595.0,2469.0,2374.0,2295.0,2248.0,2169.0,2111.0,2124.0,2149.0,2147.0,2132.0,1996.0,1961.0,2089.0,2124.0,2143.0,2098.0,2037.0,2005.0,2048.0,2101.0,2096.0,2072.0,2141.0,2245.0,2302.0,2287.0,2265.0,2314.0,2398.0,2586.0,2713.0,2715.0,2733.0,2693.0,2690.0,2824.0,2970.0,3033.0,3160.0,3354.0,3351.0,173.23129350168114,All,"All, Nebraska",LOW,NaN,green,NE
28,Nevada,3080156.0,1724.0,1694.0,1602.0,1664.0,1580.0,1634.0,1613.0,1579.0,1699.0,1507.0,1678.0,1730.0,1911.0,1732.0,1814.0,1938.0,2017.0,2174.0,2275.0,2435.0,2527.0,2565.0,2775.0,2859.0,2995.0,3172.0,3436.0,3522.0,3665.0,3440.0,3270.0,4350.0,4499.0,5304.0,5922.0,6540.0,6733.0,7209.0,7514.0,8145.0,8555.0,9131.0,9333.0,10198.0,10709.0,9969.0,10587.0,10407.0,10430.0,10532.0,11058.0,11260.0,12081.0,12468.0,12786.0,13234.0,13693.0,13615.0,14205.0,14877.0,14834.0,14838.0,481.7288474999318,All,"All, Nevada",MEDIUM,NaN,green,NV
29,New Hampshire,1359711.0,970.0,920.0,917.0,991.0,961.0,834.0,946.0,946.0,905.0,798.0,847.0,770.0,824.0,785.0,771.0,737.0,765.0,690.0,683.0,728.0,593.0,586.0,553.0,585.0,523.0,553.0,454.0,455.0,432.0,443.0,380.0,382.0,373.0,372.0,385.0,372.0,376.0,325.0,328.0,331.0,314.0,309.0,313.0,320.0,316.0,306.0,295.0,283.0,279.0,280.0,289.0,291.0,298.0,291.0,300.0,293.0,322.0,315.0,328.0,328.0,369.0,375.0,27.579390032146538,All,"All, New Hampshire",LOW,NaN,green,NH
30,New Jersey,8882190.0,12853.0,12956.0,12834.0,13239.0,13029.0,12907.0,12104.0,10942.0,10435.0,9929.0,9560.0,9442.0,9569.0,8909.0,8279.0,7934.0,8167.0,7397.0,6618.0,6206.0,5781.0,5466.0,5289.0,5016.0,4955.0,4550.0,4364.0,4505.0,4390.0,4359.0,4014.0,3175.0,3176.0,2994.0,3000.0,2877.0,2969.0,2987.0,2930.0,2832.0,2682.0,2622.0,2645.0,2590.0,2541.0,3539.0,3513.0,3559.0,3570.0,3662.0,3711.0,3792.0,3623.0,3317.0,3284.0,2897.0,2911.0,2916.0,3413.0,3663.0,3709.0,3891.0,43.80676387242335,All,"All, New Jersey",LOW,NaN,green,NJ
31,New Mexico,2096829.0,1690.0,1660.0,1648.0,1629.0,1601.0,1546.0,1518.0,1496.0,1507.0,1376.0,1466.0,1508.0,1628.0,1501.0,1540.0,1492.0,1519.0,1502.0,1524.0,1482.0,1505.0,1486.0,1462.0,1468.0,1427.0,1358.0,1342.0,1296.0,1307.0,1403.0,1393.0,1501.0,1570.0,1705.0,1809.0,1892.0,1970.0,2004.0,2188.0,2303.0,2483.0,2587.0,2705.0,2789.0,2932.0,2963.0,3050.0,3060.0,3129.0,3218.0,3282.0,3479.0,3531.0,3611.0,3587.0,3627.0,3617.0,3694.0,3719.0,3819.0,3831.0,3905.0,186.233593678836,All,"All, New Mexico",LOW,NaN,green,NM
32,New York,26161672.0,23468.0,23333.0,22297.0,21794.0,20703.0,19767.0,19097.0,18762.0,18785.0,18332.0,17244.0,16671.0,16141.0,15349.0,14847.0,14490.0,14133.0,13108.0,12320.0,11885.0,11513.0,11294.0,10594.0,10139.0,9827.0,9569.0,9153.0,9088.0,8930.0,8829.0,8795.0,8802.0,8922.0,8720.0,8643.0,9032.0,7756.0,7833.0,8104.0,8194.0,8252.0,8114.0,8118.0,8141.0,8269.0,8116.0,8090.0,8131.0,8214.0,8508.0,9345.0,9543.0,9439.0,9353.0,9386.0,9387.0,9390.0,9667.0,9650.0,9873.0,9886.0,9906.0,37.864552387936065,All,"All, New York",LOW,NaN,green,NY
33,North Carolina,10488084.0,8574.0,8644.0,8355.0,8609.0,9151.0,9423.0,9873.0,10144.0,10530.0,10755.0,11285.0,10945.0,11604.0,12012.0,12209.0,12505.0,13311.0,13556.0,14332.0,14853.0,15284.0,15330.0,15676.0,15476.0,15905.0,16537.0,16489.0,16985.0,17210.0,17184.0,17819.0,17658.0,17514.0,17741.0,17764.0,18405.0,19209.0,19600.0,19833.0,20028.0,20073.0,19991.0,20657.0,21501.0,21023.0,22043.0,22725.0,22934.0,23353.0,23761.0,24482.0,24895.0,25294.0,25104.0,26196.0,26582.0,26211.0,26667.0,27319.0,27190.0,27404.0,27217.0,259.5040238045386,All,"All, North Carolina",LOW,NaN,green,NC
34,North Dakota,762062.0,923.0,837.0,778.0,752.0,742.0,690.0,665.0,683.0,630.0,585.0,516.0,468.0,485.0,476.0,457.0,457.0,479.0,478.0,477.0,486.0,486.0,457.0,469.0,479.0,478.0,476.0,431.0,422.0,428.0,413.0,416.0,409.0,401.0,396.0,410.0,433.0,447.0,443.0,459.0,492.0,524.0,525.0,533.0,572.0,602.0,671.0,727.0,776.0,831.0,895.0,908.0,942.0,1002.0,1060.0,1118.0,1191.0,1264.0,1299.0,1387.0,1412.0,1445.0,1481.0,194.34114284664503,All,"All, North Dakota",LOW,NaN,green,ND
35,Ohio,11689100.0,7070.0,7190.0,7157.0,6994.0,7062.0,7020.0,7060.0,6980.0,6859.0,6837.0,6612.0,6479.0,6289.0,6157.0,5941.0,5735.0,5721.0,5697.0,5481.0,5411.0,5231.0,5224.0,5320.0,5319.0,5547.0,5663.0,5825.0,6011.0,6406.0,6653.0,6890.0,7369.0,7936.0,8356.0,8913.0,9227.0,9515.0,10178.0,9500.0,11290.0,11712.0,12131.0,12196.0,12542.0,13186.0,13446.0,13974.0,14527.0,15032.0,15561.0,16000.0,16247.0,17509.0,16814.0,17413.0,17519.0,17950.0,18062.0,18317.0,18605.0,18625.0,18709.0,160.05509406198937,All,"All, Ohio",LOW,NaN,green,OH
36,Oklahoma,3956971.0,1442.0,1371.0,1330.0,1270.0,1212.0,1135.0,1064.0,1088.0,1159.0,1231.0,1187.0,1120.0,1067.0,1078.0,1082.0,1195.0,1226.0,1326.0,1480.0,1630.0,1788.0,1866.0,1933.0,2076.0,2426.0,2678.0,2958.0,3345.0,3508.0,3653.0,4013.0,4307.0,4483.0,4550.0,4690.0,4732.0,5088.0,5190.0,5147.0,5331.0,5580.0,5386.0,5598.0,6156.0,6349.0,6514.0,6708.0,7098.0,7253.0,7534.0,7944.0,8654.0,8866.0,9024.0,9356.0,9282.0,9021.0,9049.0,9339.0,9405.0,9956.0,10227.0,258.45526793095024,All,"All, Oklahoma",LOW,NaN,green,OK
37,Oregon,4217737.0,647.0,593.0,610.0,595.0,584.0,563.0,610.0,601.0,594.0,591.0,647.0,696.0,672.0,724.0,963.0,1004.0,1005.0,1137.0,1224.0,1172.0,1114.0,1494.0,1738.0,1795.0,1864.0,1975.0,1975.0,1885.0,2133.0,2263.0,2358.0,2305.0,2412.0,2688.0,2935.0,2641.0,2533.0,2688.0,2906.0,3043.0,3333.0,3631.0,3289.0,3303.0,3344.0,3587.0,3606.0,3727.0,3797.0,3920.0,4112.0,4111.0,4175.0,4121.0,4175.0,4304.0,4405.0,4485.0,4529.0,4482.0,4600.0,4203.0,99.65059461981627,All,"All, Oregon",LOW,NaN,green,OR
38,Pennsylvania,12801989.0,10160.0,10231.0,10293.0,10036.0,9810.0,9459.0,9373.0,8927.0,8877.0,8684.0,8120.0,7716.0,7679.0,7542.0,7611.0,7241.0,6962.0,6888.0,6799.0,6573.0,6414.0,6267.0,6146.0,5932.0,5819.0,5883.0,5597.0,5547.0,5764.0,5888.0,5913.0,5849.0,5962.0,6110.0,6269.0,6507.0,6788.0,7121.0,7578.0,7846.0,8002.0,8138.0,8196.0,8367.0,8746.0,9110.0,9321.0,9476.0,9633.0,9566.0,9845.0,10221.0,10191.0,10429.0,10592.0,10712.0,11034.0,11298.0,11197.0,11250.0,11574.0,11672.0,91.17333251887656,All,"All, Pennsylvania",LOW,NaN,green,PA
39,Rhode Island,1059361.0,2255.0,2131.0,2068.0,2172.0,2282.0,2282.0,2282.0,2282.0,2282.0,1271.0,1053.0,863.0,623.0,524.0,1530.0,1530.0,1220.0,1116.0,1006.0,1006.0,1006.0,1453.0,1453.0,1453.0,1453.0,1453.0,1453.0,1453.0,868.0,868.0,868.0,868.0,868.0,868.0,868.0,705.0,705.0,705.0,705.0,979.0,979.0,979.0,558.0,558.0,558.0,558.0,558.0,558.0,558.0,274.0,274.0,973.0,973.0,699.0,699.0,699.0,699.0,699.0,1110.0,1110.0,1110.0,1110.0,104.7801457671181,All,"All, Rhode Island",LOW,NaN,green,RI
40,South Carolina,5148714.0,2292.0,2398.0,2489.0,2500.0,2621.0,2626.0,2936.0,3097.0,3257.0,3146.0,2949.0,3695.0,3444.0,4079.0,4505.0,4690.0,5027.0,5535.0,5929.0,6449.0,6828.0,7128.0,7469.0,8020.0,8998.0,9055.0,10198.0,10268.0,10764.0,11239.0,12030.0,12476.0,13064.0,13872.0,14409.0,15148.0,16277.0,17219.0,18005.0,18770.0,19461.0,20019.0,20546.0,20607.0,20811.0,21457.0,21849.0,22520.0,23083.0,23272.0,23736.0,24094.0,24096.0,24225.0,23904.0,24804.0,24728.0,25610.0,25732.0,25486.0,25732.0,24795.0,481.5765645557318,All,"All, South Carolina",MEDIUM,NaN,green,SC
41,South Dakota,884659.0,956.0,973.0,957.0,990.0,964.0,983.0,988.0,989.0,966.0,969.0,1054.0,907.0,888.0,860.0,870.0,853.0,880.0,853.0,861.0,860.0,892.0,881.0,884.0,872.0,850.0,868.0,844.0,849.0,845.0,821.0,806.0,806.0,785.0,781.0,773.0,778.0,792.0,767.0,773.0,806.0,789.0,752.0,765.0,797.0,813.0,843.0,847.0,812.0,802.0,792.0,790.0,808.0,783.0,792.0,815.0,822.0,817.0,836.0,814.0,787.0,784.0,838.0,94.72576439057309,All,"All, South Dakota",LOW,NaN,green,SD
42,Tennessee,6829174.0,4921.0,4912.0,4867.0,4806.0,4925.0,5063.0,4970.0,4451.0,5738.0,6222.0,5960.0,6006.0,6131.0,6129.0,6218.0,6380.0,6355.0,6420.0,6792.0,6773.0,7565.0,8218.0,7424.0,7438.0,7740.0,8359.0,8328.0,8548.0,8488.0,8565.0,9043.0,9322.0,9768.0,10132.0,9342.0,10522.0,10955.0,12243.0,13100.0,13701.0,14519.0,15131.0,15389.0,16054.0,17438.0,18201.0,18700.0,19403.0,20342.0,21384.0,21654.0,22214.0,23091.0,23539.0,24647.0,25083.0,25834.0,26491.0,25316.0,26211.0,26516.0,26792.0,392.3168453461575,All,"All, Tennessee",LOW,NaN,green,TN
43,Texas,28995881.0,15444.0,15404.0,15117.0,15541.0,14845.0,14891.0,15926.0,16085.0,16434.0,16890.0,17188.0,18669.0,19341.0,19236.0,19741.0,20799.0,22077.0,22086.0,23785.0,24087.0,23682.0,24416.0,25942.0,28535.0,30415.0,32576.0,34775.0,37202.0,40984.0,44431.0,47066.0,51585.0,54926.0,58630.0,61285.0,66158.0,69129.0,74261.0,77473.0,79763.0,82228.0,81631.0,87462.0,92554.0,96194.0,101296.0,103879.0,107777.0,111802.0,112218.0,115626.0,116512.0,125664.0,130973.0,133627.0,138965.0,136758.0,133672.0,137146.0,134882.0,133880.0,134019.0,462.20013111517454,All,"All, Texas",LOW,NaN,green,TX
44,Utah,3205958.0,1870.0,1893.0,1798.0,1857.0,1974.0,2028.0,2089.0,2129.0,2162.0,2223.0,2335.0,2390.0,2484.0,2566.0,2648.0,2742.0,2900.0,3011.0,2974.0,3078.0,3115.0,3187.0,3271.0,3342.0,3493.0,3695.0,3914.0,4028.0,4181.0,4289.0,4446.0,4617.0,4929.0,5086.0,5187.0,5388.0,5584.0,5683.0,5738.0,5790.0,5809.0,5827.0,5874.0,6010.0,6186.0,6232.0,6382.0,6437.0,6547.0,6593.0,6515.0,6474.0,6659.0,6684.0,6749.0,7044.0,6971.0,6937.0,6831.0,6719.0,6679.0,6693.0,208.76755091613805,All,"All, Utah",LOW,NaN,green,UT
45,Vermont,623989.0,34.0,38.0,39.0,39.0,39.0,40.0,40.0,42.0,44.0,47.0,75.0,74.0,91.0,106.0,112.0,116.0,124.0,136.0,144.0,148.0,145.0,145.0,143.0,140.0,108.0,116.0,100.0,95.0,87.0,81.0,90.0,80.0,78.0,74.0,74.0,78.0,75.0,78.0,92.0,92.0,91.0,90.0,88.0,90.0,72.0,81.0,79.0,83.0,95.0,94.0,98.0,109.0,98.0,98.0,99.0,97.0,104.0,110.0,108.0,105.0,108.0,113.0,18.10929359331655,All,"All, Vermont",LOW,NaN,green,VT
46,Virginia,8535519.0,12317.0,13214.0,13158.0,13214.0,13485.0,13565.0,13858.0,13885.0,13735.0,13646.0,13378.0,13264.0,13348.0,14134.0,13255.0,12138.0,11697.0,11068.0,10506.0,10093.0,9732.0,9332.0,8935.0,8721.0,8245.0,8117.0,7908.0,7190.0,7083.0,7113.0,7192.0,7146.0,7199.0,7201.0,7048.0,7121.0,7273.0,7241.0,7279.0,7367.0,7470.0,7554.0,7446.0,7550.0,7627.0,7788.0,8113.0,8303.0,8706.0,9229.0,9446.0,10118.0,10505.0,10872.0,11088.0,11508.0,12095.0,12464.0,12872.0,13132.0,13324.0,13714.0,160.669784696162,All,"All, Virginia",LOW,NaN,green,VA
47,Washington,7614893.0,2796.0,2744.0,2797.0,2925.0,3067.0,2993.0,3185.0,3224.0,3273.0,3435.0,3547.0,3669.0,4108.0,3845.0,3918.0,4098.0,3893.0,3962.0,4031.0,4122.0,4053.0,4068.0,4252.0,4214.0,4346.0,4496.0,4634.0,4840.0,4707.0,4913.0,5380.0,5453.0,5569.0,5749.0,5822.0,5977.0,6161.0,6392.0,6821.0,6988.0,6910.0,7019.0,7872.0,7854.0,7877.0,8009.0,8173.0,7634.0,8691.0,9364.0,9344.0,9574.0,9965.0,10240.0,10691.0,10985.0,10746.0,11012.0,11224.0,11333.0,11512.0,12517.0,164.37525780073338,All,"All, Washington",LOW,NaN,green,WA
48,West Virginia,1792147.0,398.0,388.0,491.0,501.0,502.0,510.0,512.0,520.0,548.0,503.0,502.0,451.0,468.0,387.0,391.0,399.0,294.0,277.0,286.0,280.0,277.0,289.0,280.0,297.0,313.0,347.0,364.0,388.0,387.0,414.0,428.0,471.0,477.0,505.0,539.0,546.0,557.0,600.0,632.0,655.0,705.0,730.0,889.0,913.0,1075.0,1129.0,1250.0,1361.0,1409.0,1439.0,1503.0,1573.0,1598.0,1650.0,1683.0,1722.0,1637.0,1661.0,1499.0,1619.0,1662.0,1622.0,90.50596853941111,All,"All, West Virginia",LOW,NaN,green,WV
49,Wisconsin,5822434.0,5063.0,5155.0,5444.0,5585.0,5901.0,5910.0,5723.0,5724.0,5894.0,5854.0,5868.0,5716.0,5556.0,5421.0,5322.0,5301.0,4999.0,4820.0,4418.0,4185.0,4255.0,4290.0,4185.0,3959.0,3895.0,3808.0,3869.0,3887.0,3933.0,3934.0,4084.0,4217.0,4424.0,4682.0,4900.0,5043.0,5380.0,5670.0,5788.0,6097.0,6464.0,6706.0,6942.0,7172.0,7343.0,7640.0,7960.0,8351.0,8664.0,8843.0,9207.0,9487.0,9851.0,10155.0,10385.0,10692.0,10909.0,11525.0,11635.0,11922.0,12100.0,12121.0,208.17754224436035,All,"All, Wisconsin",LOW,NaN,green,WI
50,Wyoming,578759.0,174.0,175.0,172.0,175.0,175.0,157.0,149.0,144.0,136.0,128.0,120.0,130.0,126.0,109.0,117.0,120.0,120.0,133.0,136.0,152.0,157.0,169.0,177.0,199.0,223.0,240.0,240.0,250.0,270.0,284.0,302.0,317.0,341.0,342.0,361.0,371.0,398.0,400.0,406.0,409.0,427.0,437.0,445.0,455.0,458.0,443.0,422.0,447.0,445.0,453.0,463.0,471.0,476.0,487.0,502.0,492.0,512.0,529.0,548.0,578.0,615.0,606.0,104.70679505631878,All,"All, Wyoming",LOW,NaN,green,WY
